Set,Calmar,Sharpe,Sortino,MaxDD,WinRate,Trades,Equity0,EquityF
TRAIN,0.543,0.7856,1.2127,0.1867,0.4178,383,10000.0,15908.682613290937
TEST,-0.226,-0.2681,-0.4067,0.1343,0.3438,128,10000.0,9542.4450347526
VALID,-0.1784,-0.1979,-0.304,0.1407,0.3933,150,10000.0,9619.529253180875
